date,home_team,away_team
2025-07-19,SpVgg Ansbach,1. FC Nurnberg II
2025-07-19,1. FC Schweinfurt 05,TSV Aubstadt
2025-07-19,TSV Schwaben Augsburg,Viktoria Aschaffenburg
2025-07-20,Eintracht Bamberg,SpVgg Hankofen-Hailing
2025-07-20,FV Illertissen,DJK Vilzing
2025-07-20,SpVgg Bayreuth,TSV Buchbach
2025-07-20,SpVgg Greuther Furth II,Augsburg II
2025-07-20,Turkgucu Munchen,Wurzburger Kickers
2025-07-25,FCV Dender EH,Oud-Heverlee Leuven
2025-07-25,Union Saint-Gilloise,Sint-Truidense VV
2025-07-25,SV Zulte Waregem,KAA Gent
2025-07-25,RAAL La Louviere,Cercle Brugge
2025-07-25,Standard Liège,KRC Genk
2025-07-25,KV Mechelen,Cercle Brugge
2025-07-25,Sint-Truidense VV,KVC Westerlo
2025-07-25,1. FC Nurnberg II,SpVgg Bayreuth
2025-07-25,KRC Genk,Sporting Charleroi
2025-07-25,FCV Dender EH,RAAL La Louviere
2025-07-25,KVC Westerlo,Oud-Heverlee Leuven
2025-07-25,Sint-Truidense VV,KAA Gent
2025-07-25,KRC Genk,RAAL La Louviere
2025-07-25,Sporting Charleroi,Sint-Truidense VV
2025-07-25,Royal Antwerp,Oud-Heverlee Leuven
2025-07-25,Sint-Truidense VV,Royal Antwerp
2025-07-25,Sint-Truidense VV,RSC Anderlecht
2025-07-25,Club Brugge KV,Union Saint-Gilloise
2025-07-25,Sporting Charleroi,KV Mechelen
2025-07-25,Club Brugge KV,Sint-Truidense VV
2025-07-25,RSC Anderlecht,KRC Genk
2025-07-25,Union Saint-Gilloise,RSC Anderlecht
2025-07-25,RAAL La Louviere,Union Saint-Gilloise
2025-07-25,Cercle Brugge,KVC Westerlo
2025-07-25,RSC Anderlecht,KAA Gent
2025-07-25,RAAL La Louviere,Standard Liège
2025-07-25,Royal Antwerp,Union Saint-Gilloise
2025-07-25,RAAL La Louviere,Club Brugge KV
2025-07-25,Standard Liège,Sporting Charleroi
2025-07-25,KAA Gent,Standard Liège
2025-07-25,RSC Anderlecht,KV Mechelen
2025-07-25,Sporting Charleroi,RSC Anderlecht
2025-07-25,Union Saint-Gilloise,Sporting Charleroi
2025-07-25,Royal Antwerp,Cercle Brugge
2025-07-25,KAA Gent,Sporting Charleroi
2025-07-25,Union Saint-Gilloise,KVC Westerlo
2025-07-25,Oud-Heverlee Leuven,RSC Anderlecht
2025-07-25,RSC Anderlecht,Royal Antwerp
2025-07-25,KAA Gent,FCV Dender EH
2025-07-25,KAA Gent,RAAL La Louviere
2025-07-25,Sporting Charleroi,FCV Dender EH
2025-07-25,Cercle Brugge,Sint-Truidense VV
2025-07-25,SV Zulte Waregem,Sint-Truidense VV
2025-07-25,Union Saint-Gilloise,Standard Liège
2025-07-25,Oud-Heverlee Leuven,KRC Genk
2025-07-25,KAA Gent,Union Saint-Gilloise
2025-07-25,Sint-Truidense VV,FCV Dender EH
2025-07-25,KV Mechelen,Club Brugge KV
2025-07-25,Club Brugge KV,KVC Westerlo
2025-07-25,Sporting Charleroi,Royal Antwerp
2025-07-25,KRC Genk,SV Zulte Waregem
2025-07-25,Sint-Truidense VV,RAAL La Louviere
2025-07-25,Standard Liège,KV Mechelen
2025-07-25,KVC Westerlo,Standard Liège
2025-07-25,KV Mechelen,RAAL La Louviere
2025-07-25,SV Zulte Waregem,Club Brugge KV
2025-07-25,RSC Anderlecht,SV Zulte Waregem
2025-07-25,Club Brugge KV,Cercle Brugge
2025-07-25,Cercle Brugge,RSC Anderlecht
2025-07-25,KVC Westerlo,SV Zulte Waregem
2025-07-25,Oud-Heverlee Leuven,Standard Liège
2025-07-25,Cercle Brugge,Sporting Charleroi
2025-07-25,Standard Liège,Royal Antwerp
2025-07-25,KVC Westerlo,KRC Genk
2025-07-25,Royal Antwerp,Club Brugge KV
2025-07-25,FCV Dender EH,Cercle Brugge
2025-07-25,RSC Anderlecht,Standard Liège
2025-07-25,FCV Dender EH,RSC Anderlecht
2025-07-25,Sint-Truidense VV,KRC Genk
2025-07-25,RSC Anderlecht,KVC Westerlo
2025-07-25,KRC Genk,Royal Antwerp
2025-07-25,RAAL La Louviere,Sporting Charleroi
2025-07-25,SV Zulte Waregem,Oud-Heverlee Leuven
2025-07-25,Royal Antwerp,KV Mechelen
2025-07-25,KAA Gent,Club Brugge KV
2025-07-25,Royal Antwerp,KAA Gent
2025-07-25,KRC Genk,Union Saint-Gilloise
2025-07-25,Cercle Brugge,KRC Genk
2025-07-25,Union Saint-Gilloise,Oud-Heverlee Leuven
2025-07-25,Oud-Heverlee Leuven,Sporting Charleroi
2025-07-25,Club Brugge KV,FCV Dender EH
2025-07-25,KV Mechelen,Oud-Heverlee Leuven
2025-07-25,Oud-Heverlee Leuven,Club Brugge KV
2025-07-25,Standard Liège,Club Brugge KV
2025-07-25,Cercle Brugge,KAA Gent
2025-07-25,FCV Dender EH,Union Saint-Gilloise
2025-07-25,KVC Westerlo,Royal Antwerp
2025-07-25,Standard Liège,Cercle Brugge
2025-07-25,KV Mechelen,KAA Gent
2025-07-25,KVC Westerlo,KV Mechelen
2025-07-25,Standard Liège,FCV Dender EH
2025-07-25,RAAL La Louviere,SV Zulte Waregem
2025-07-25,Oud-Heverlee Leuven,KAA Gent
2025-07-25,Sporting Charleroi,SV Zulte Waregem
2025-07-25,Cercle Brugge,SV Zulte Waregem
2025-07-25,KVC Westerlo,FCV Dender EH
2025-07-25,FCV Dender EH,KV Mechelen
2025-07-25,RAAL La Louviere,KVC Westerlo
2025-07-25,KRC Genk,FCV Dender EH
2025-07-25,KV Mechelen,Sint-Truidense VV
2025-07-25,Club Brugge KV,KRC Genk
2025-07-25,SV Zulte Waregem,Royal Antwerp
2025-07-25,Oud-Heverlee Leuven,RAAL La Louviere
2025-07-25,SV Zulte Waregem,KV Mechelen
2025-07-25,SV Zulte Waregem,Union Saint-Gilloise
2025-07-26,FSV 63 Luckenwalde,ZFC Meuselwitz
2025-07-26,Bayern Munchen II,SpVgg Ansbach
2025-07-26,BFC Dynamo,Carl Zeiss Jena
2025-07-26,Wurzburger Kickers,TSV Schwaben Augsburg
2025-07-26,TSV Buchbach,Eintracht Bamberg
2025-07-26,Augsburg II,FV Illertissen
2025-07-26,TSV Aubstadt,SpVgg Greuther Furth II
2025-07-26,SpVgg Hankofen-Hailing,1. FC Schweinfurt 05
2025-07-26,Viktoria Aschaffenburg,Wacker Burghausen
2025-07-27,Fortuna Dusseldorf II,1. FC Bocholt
2025-07-27,FSV Frankfurt,TSV Steinbach Haiger
2025-07-27,SC Paderborn 07 II,1. FC Duren
2025-07-27,Fortuna Koln,SV Rodinghausen
2025-07-27,SC Wiedenbruck,Schalke 04 II
2025-07-27,SSV Jeddeloh II,St. Pauli II
2025-07-27,SGV Freiberg,Goppinger SV
2025-07-27,Eintracht Hohkeppel,1. FC Koln II
2025-07-27,Hoffenheim II,FC-Astoria Walldorf
2025-07-27,SC Freiburg II,Kickers Offenbach
2025-07-27,SG Barockstadt Fulda-Lehnerz,Villingen
2025-07-27,Rot-Weiß Erfurt,Eilenburg
2025-07-27,SV Meppen,Weiche Flensburg 08
2025-07-27,Stuttgarter Kickers,Eintracht Frankfurt II
2025-07-27,DJK Vilzing,Turkgucu Munchen
2025-07-27,BSG Chemie Leipzig,SV Babelsberg 03
2025-07-27,Hertha Zehlendorf,FSV Zwickau
2025-07-27,Bahlinger SC,Gießen
2025-07-27,Rot-Weiß Oberhausen,Bor. Monchengladbach II
2025-07-28,1. FSV Mainz 05 II,Hessen Kassel
2025-07-28,SV Drochtersen/Assel,Holstein Kiel II
2025-07-28,TSV Havelse,Werder Bremen II
2025-07-28,Greifswalder,Hertha BSC II
2025-07-28,Bremer SV,Hamburger SV II
2025-07-28,Teutonia 05,Blau-Weiß Lohne
2025-07-28,VFC Plauen,Viktoria 1889 Berlin
2025-07-28,Eintracht Norderstedt,VfB Oldenburg
2025-07-28,VSG Altglienicke,1. FC Lok Leipzig
2025-08-02,VfL Osnabruck,Alemannia Aachen
2025-08-02,Arminia Bielefeld,Fortuna Dusseldorf
2025-08-02,MSV Duisburg,VfB Stuttgart II
2025-08-02,Hoffenheim II,TSV Havelse
2025-08-02,Energie Cottbus,1. FC Saarbrucken
2025-08-02,SV Darmstadt 98,VfL Bochum
2025-08-02,Karlsruher SC,Preußen Munster
2025-08-02,SC Paderborn 07,Holstein Kiel
2025-08-02,SV 07 Elversberg,1. FC Nurnberg
2025-08-02,Waldhof Mannheim,SC Verl
2025-08-02,Ingolstadt 04,Jahn Regensburg
2025-08-03,Hannover 96,1. FC Kaiserslautern
2025-08-03,Erzgebirge Aue,Hansa Rostock
2025-08-03,1. FC Magdeburg,Eintracht Braunschweig
2025-08-03,SpVgg Greuther Furth,Dynamo Dresden
2025-08-03,SV Wehen Wiesbaden,SSV Ulm 1846
2025-08-03,Viktoria Koln,1. FC Schweinfurt 05
2025-08-08,1. FC Schweinfurt 05,Energie Cottbus
2025-08-08,Preußen Munster,SC Paderborn 07
2025-08-08,1. FC Nurnberg,SV Darmstadt 98
2025-08-09,Stoke City,Derby County
2025-08-09,West Bromwich Albion,Blackburn Rovers
2025-08-09,SC Verl,SV Wehen Wiesbaden
2025-08-09,Queens Park Rangers,Preston North End
2025-08-09,Sheffield United,Bristol City
2025-08-09,1. FC Kaiserslautern,Schalke
2025-08-09,Samsun,Genclerbirligi
2025-08-09,Arouca,AVS
2025-08-09,Antalya,Kasimpasa
2025-08-09,Oxford United,Portsmouth
2025-08-09,Norwich City,Millwall
2025-08-09,CD Nacional,Gil Vicente
2025-08-09,Dynamo Dresden,1. FC Magdeburg
2025-08-09,1. FC Saarbrucken,Viktoria Koln
2025-08-09,Southampton,Wrexham AFC
2025-08-09,Alemannia Aachen,Hoffenheim II
2025-08-09,TSV 1860 Munchen,VfL Osnabruck
2025-08-09,SSV Ulm 1846,Erzgebirge Aue
2025-08-09,TSV Havelse,Rot-Weiss Essen
2025-08-09,Middlesbrough,Swansea City AFC
2025-08-09,Charlton Athletic,Watford
2025-08-09,Eintracht Braunschweig,SpVgg Greuther Furth
2025-08-09,Fortuna Dusseldorf,Hannover 96
2025-08-09,Coventry City,Hull City AFC
2025-08-10,VfB Stuttgart II,Ingolstadt 04
2025-08-10,Rize,Goztepe
2025-08-10,Moreirense,Alverca
2025-08-10,Eyup,Konya
2025-08-10,Sporting Clube de Braga,CD Tondela
2025-08-10,Famalicão,CD Santa Clara
2025-08-10,Leicester,Sheffield Wednesday
2025-08-10,Hertha BSC,Karlsruher SC
2025-08-10,VfL Bochum,SV 07 Elversberg
2025-08-10,Holstein Kiel,Arminia Bielefeld
2025-08-10,Hansa Rostock,Waldhof Mannheim
2025-08-10,Jahn Regensburg,MSV Duisburg
2025-08-11,Porto,Vitoria Guimarães
2025-08-11,Trabzon,Kocaelispor
2025-08-11,Amiens SC,Stade de Reims
2025-08-11,GD Estoril Praia,CF Estrela da Amadora
2025-08-15,AVS,Casa Pia
2025-08-15,Nancy Lorraine,US Boulogne
2025-08-15,Clermont Foot 63,ESTAC Troyes
2025-08-15,Red Star,Amiens SC
2025-08-15,Galatasaray,Karagumruk
2025-08-15,SC Bastia,Pau
2025-08-15,Grenoble Foot 38,Stade Lavallois
2025-08-16,Kocaelispor,Samsun
2025-08-16,Malaga,SD Eibar
2025-08-16,Monaco,Le Havre
2025-08-16,Racing Santander,CD Castellon
2025-08-16,RCD Mallorca,Barcelona
2025-08-16,Wolves,Manchester City
2025-08-16,Alanya,Rize
2025-08-16,CF Estrela da Amadora,Sport Lisboa e Benfica
2025-08-16,Goztepe,Fenerbahce
2025-08-16,OGC Nice,Toulouse
2025-08-16,Deportivo Alaves,Levante UD
2025-08-16,Granada,Deportivo La Coruña
2025-08-16,Valencia,Real Sociedad de Futbol
2025-08-16,Vitoria Guimarães,GD Estoril Praia
2025-08-16,Racing Club de Lens,Olympique Lyonnais
2025-08-16,Saint-Étienne,Rodez AF
2025-08-16,Sunderland AFC,West Ham
2025-08-16,Stade de Reims,EA Guingamp
2025-08-16,Portsmouth,Norwich City
2025-08-16,CD Tondela,Famalicão
2025-08-16,Watford,Queens Park Rangers
2025-08-16,Annecy,USL Dunkerque
2025-08-16,Brighton,Fulham
2025-08-16,Blackburn Rovers,Birmingham City
2025-08-16,Derby County,Coventry City
2025-08-16,Wrexham AFC,West Bromwich Albion
2025-08-16,Bristol City,Charlton Athletic
2025-08-16,Millwall,Middlesbrough
2025-08-16,Preston North End,Leicester
2025-08-16,Sheffield Wednesday,Stoke City
2025-08-16,Swansea City AFC,Sheffield United
2025-08-16,Aston Villa,Newcastle
2025-08-16,Tottenham,Burnley
2025-08-17,RCD Espanyol de Barcelona,Club Atletico de Madrid
2025-08-17,Nantes,Paris Saint-Germain
2025-08-17,UD Las Palmas,Andorra
2025-08-17,Basaksehir,ayserispor
2025-08-17,SD Huesca,CD Leganes
2025-08-17,Genclerbirligi,Antalya
2025-08-17,Cadiz,CD Mirandes
2025-08-17,CD Santa Clara,Moreirense
2025-08-17,Alverca,Sporting Clube de Braga
2025-08-17,Konya,Gaziantep
2025-08-17,Athletic Club,Sevilla
2025-08-17,Besiktas,Eyup
2025-08-17,Manchester Utd,Arsenal
2025-08-17,Sporting Clube de Portugal,Arouca
2025-08-17,Angers SCO,Paris
2025-08-17,Nottingham Forest,Brentford
2025-08-17,Chelsea,Crystal Palace
2025-08-17,Hull City AFC,Oxford United
2025-08-17,Stade Brestois 29,Lille OSC
2025-08-17,Metz,RC Strasbourg Alsace
2025-08-17,Rio Ave,CD Nacional
2025-08-17,RC Celta de Vigo,Getafe
2025-08-17,AJ Auxerre,Lorient
2025-08-17,Real Sociedad B,Real Zaragoza
2025-08-17,Ipswich Town,Southampton
2025-08-18,Le Mans,Montpellier HSC
2025-08-18,Elche,Real Betis Balompie
2025-08-18,UD Almeria,Albacete
2025-08-18,Sporting Gijon,Cordoba
2025-08-18,Leeds United,Everton
2025-08-18,Gil Vicente,Porto
2025-08-18,Kasimpasa,Trabzon
2025-08-19,Real Madrid,CA Osasuna
2025-08-22,Derby County,Bristol City
2025-08-22,West Ham,Chelsea
2025-08-22,Real Betis Balompie,Deportivo Alaves
2025-08-22,Paris Saint-Germain,Angers SCO
2025-08-22,CD Leganes,Cadiz
2025-08-22,Karagumruk,Goztepe
2025-08-22,USL Dunkerque,Nancy Lorraine
2025-08-22,CD Castellon,Real Valladolid
2025-08-22,Rodez AF,Stade Lavallois
2025-08-22,Clermont Foot 63,Grenoble Foot 38
2025-08-22,SD Eibar,Granada
2025-08-22,Amiens SC,Annecy
2025-08-22,SV Wehen Wiesbaden,Rot-Weiss Essen
2025-08-22,Preußen Munster,1. FC Nurnberg
2025-08-22,SV 07 Elversberg,1. FC Kaiserslautern
2025-08-22,Le Mans,SC Bastia
2025-08-23,1. FC Union Berlin,Stuttgart
2025-08-23,1. FC Heidenheim 1846,VfL Wolfsburg
2025-08-23,Virtus Entella,Juve Stabia
2025-08-23,Moreirense,Vitoria Guimarães
2025-08-23,Empoli,Calcio Padova
2025-08-23,CD Mirandes,SD Huesca
2025-08-23,Leverkusen,TSG 1899 Hoffenheim
2025-08-23,Olympique de Marseille,Paris
2025-08-23,AD Ceuta,Sporting Gijon
2025-08-23,CD Nacional,Sporting Clube de Portugal
2025-08-23,RCD Mallorca,RC Celta de Vigo
2025-08-23,St. Pauli 1910,Dortmund
2025-08-23,SC Freiburg,Augsburg
2025-08-23,US Boulogne,Saint-Étienne
2025-08-23,Schalke,VfL Bochum
2025-08-23,Olympique Lyonnais,Metz
2025-08-23,Fenerbahce,Kocaelispor
2025-08-23,Gaziantep,Genclerbirligi
2025-08-23,Sport Lisboa e Benfica,CD Tondela
2025-08-23,Levante UD,Barcelona
2025-08-23,Arouca,Rio Ave
2025-08-23,Palermo,Reggiana 1919
2025-08-23,Monza,Mantova 1911 SSD
2025-08-23,Club Atletico de Madrid,Elche
2025-08-23,OGC Nice,AJ Auxerre
2025-08-23,Arsenal,Leeds United
2025-08-23,Real Zaragoza,Andorra
2025-08-23,Manchester City,Tottenham
2025-08-23,Alemannia Aachen,TSV 1860 Munchen
2025-08-23,Burnley,Sunderland AFC
2025-08-23,EA Guingamp,Red Star
2025-08-23,VfB Stuttgart II,SC Verl
2025-08-23,Norwich City,Middlesbrough
2025-08-23,Hannover 96,1. FC Magdeburg
2025-08-23,MSV Duisburg,SSV Ulm 1846
2025-08-23,VfL Osnabruck,1. FC Saarbrucken
2025-08-23,Karlsruher SC,Eintracht Braunschweig
2025-08-23,SC Paderborn 07,Fortuna Dusseldorf
2025-08-23,Hull City AFC,Blackburn Rovers
2025-08-23,Jahn Regensburg,1. FC Schweinfurt 05
2025-08-23,Hoffenheim II,Energie Cottbus
2025-08-23,Swansea City AFC,Watford
2025-08-23,ESTAC Troyes,Montpellier HSC
2025-08-23,Charlton Athletic,Leicester
2025-08-23,AFC Bournemouth,Wolves
2025-08-23,Brentford,Aston Villa
2025-08-23,Frankfurt,SV Werder Bremen
2025-08-23,Coventry City,Queens Park Rangers
2025-08-23,Birmingham City,Oxford United
2025-08-23,Preston North End,Ipswich Town
2025-08-23,Sheffield United,Millwall
2025-08-23,West Bromwich Albion,Portsmouth
2025-08-23,Wrexham AFC,Sheffield Wednesday
2025-08-23,Southampton,Stoke City
2025-08-24,US Catanzaro,Sudtirol
2025-08-24,Porto,Casa Pia
2025-08-24,Cagliari Calcio,ACF Fiorentina
2025-08-24,Cultural Leonesa,UD Almeria
2025-08-24,Waldhof Mannheim,Viktoria Koln
2025-08-24,Como 1907,SS Lazio
2025-08-24,Atalanta BC,Pisa 1909
2025-08-24,Juventus,Parma Calcio 1913
2025-08-24,Sporting Clube de Braga,AVS
2025-08-24,Real Oviedo,Real Madrid
2025-08-24,Kayseri,Galatasaray
2025-08-24,Lille OSC,Monaco
2025-08-24,Trabzon,Antalya
2025-08-24,Frosinone Calcio,US Avellino
2025-08-24,Malaga,Real Sociedad B
2025-08-24,Venezia,SSC Bari
2025-08-24,Real Sociedad de Futbol,RCD Espanyol de Barcelona
2025-08-24,Villarreal,Girona
2025-08-24,Famalicão,Gil Vicente
2025-08-24,Monchengladbach,Hamburger SV
2025-08-24,Crystal Palace,Nottingham Forest
2025-08-24,1. FSV Mainz 05,1. FC Koln
2025-08-24,Ingolstadt 04,Hansa Rostock
2025-08-24,SpVgg Greuther Furth,Holstein Kiel
2025-08-24,Arminia Bielefeld,Dynamo Dresden
2025-08-24,Everton,Brighton
2025-08-24,Spezia Calcio,Carrarese Calcio
2025-08-24,Lorient,Stade Rennais FC 1901
2025-08-24,Deportivo La Coruña,Burgos
2025-08-24,Fulham,Manchester Utd
2025-08-24,CA Osasuna,Valencia
2025-08-24,Le Havre,Racing Club de Lens
2025-08-24,RC Strasbourg Alsace,Nantes
2025-08-24,Erzgebirge Aue,TSV Havelse
2025-08-24,SV Darmstadt 98,Hertha BSC
2025-08-24,Toulouse,Stade Brestois 29
2025-08-25,CF Estrela da Amadora,Alverca
2025-08-25,Newcastle,Liverpool
2025-08-25,Sevilla,Getafe
2025-08-25,Internazionale Milano,Torino
2025-08-25,Pau,Stade de Reims
2025-08-25,Athletic Club,Rayo Vallecano de Madrid
2025-08-25,Sampdoria,Modena
2025-08-25,Eyup,Alanya
2025-08-25,Albacete,Racing Santander
2025-08-25,Udinese Calcio,Hellas Verona
2025-08-25,Cordoba,UD Las Palmas
2025-08-27,RC Celta de Vigo,Real Betis Balompie
2025-08-29,Elche,Levante UD
2025-08-29,Reggiana 1919,Empoli
2025-08-29,Valencia,Getafe
2025-08-29,US Lecce,Milan
2025-08-29,Goztepe,Konya
2025-08-29,Hamburger SV,St. Pauli 1910
2025-08-29,Sporting Gijon,Cultural Leonesa
2025-08-29,Gil Vicente,Moreirense
2025-08-29,Leicester,Birmingham City
2025-08-29,Racing Club de Lens,Stade Brestois 29
2025-08-29,Hertha BSC,SV 07 Elversberg
2025-08-29,Viktoria Koln,Jahn Regensburg
2025-08-29,Montpellier HSC,Amiens SC
2025-08-29,Stade Lavallois,Clermont Foot 63
2025-08-29,1. FC Nurnberg,SC Paderborn 07
2025-08-29,Rodez AF,US Boulogne
2025-08-29,USL Dunkerque,ESTAC Troyes
2025-08-29,US Cremonese,US Sassuolo Calcio
2025-08-29,Nancy Lorraine,Pau
2025-08-29,Real Sociedad B,UD Almeria
2025-08-29,Red Star,Annecy
2025-08-30,Real Oviedo,Real Sociedad de Futbol
2025-08-30,Augsburg,Bayern Munchen
2025-08-30,Kasimpasa,Gaziantep
2025-08-30,Deportivo Alaves,Club Atletico de Madrid
2025-08-30,Lorient,Lille OSC
2025-08-30,Parma Calcio 1913,Atalanta BC
2025-08-30,Kocaelispor,Kayseri
2025-08-30,Real Valladolid,Cordoba
2025-08-30,Real Madrid,RCD Mallorca
2025-08-30,Vitoria Guimarães,Arouca
2025-08-30,Leeds United,Newcastle
2025-08-30,Bologna FC 1909,Como 1907
2025-08-30,Juve Stabia,Venezia
2025-08-30,Saint-Étienne,Grenoble Foot 38
2025-08-30,Pisa 1909,Roma
2025-08-30,Cesena,Virtus Entella
2025-08-30,Racing Santander,AD Ceuta
2025-08-30,Toulouse,Paris Saint-Germain
2025-08-30,AVS,Famalicão
2025-08-30,Galatasaray,Rize
2025-08-30,SSC Napoli,Cagliari Calcio
2025-08-30,Sporting Clube de Portugal,Porto
2025-08-30,CD Castellon,Real Zaragoza
2025-08-30,Spezia Calcio,US Catanzaro
2025-08-30,Palermo,Frosinone Calcio
2025-08-30,Fortuna Dusseldorf,Karlsruher SC
2025-08-30,Girona,Sevilla
2025-08-30,Antalya,Karagumruk
2025-08-30,Nantes,AJ Auxerre
2025-08-30,TSG 1899 Hoffenheim,Frankfurt
2025-08-30,Mantova 1911 SSD,Delfino Pescara
2025-08-30,SV Werder Bremen,Leverkusen
2025-08-30,TSV 1860 Munchen,VfB Stuttgart II
2025-08-30,TSV Havelse,VfL Osnabruck
2025-08-30,Energie Cottbus,Ingolstadt 04
2025-08-30,SC Bastia,EA Guingamp
2025-08-30,1. FC Saarbrucken,Erzgebirge Aue
2025-08-30,Blackburn Rovers,Norwich City
2025-08-30,Eintracht Braunschweig,Arminia Bielefeld
2025-08-30,Middlesbrough,Sheffield United
2025-08-30,Chelsea,Fulham
2025-08-30,Holstein Kiel,Hannover 96
2025-08-30,VfL Bochum,Preußen Munster
2025-08-30,SC Verl,MSV Duisburg
2025-08-30,Queens Park Rangers,Charlton Athletic
2025-08-30,Stade de Reims,Le Mans
2025-08-30,Bristol City,Hull City AFC
2025-08-30,Stoke City,West Bromwich Albion
2025-08-30,Hansa Rostock,Hoffenheim II
2025-08-30,Sunderland AFC,Brentford
2025-08-30,Watford,Southampton
2025-08-30,Stuttgart,Monchengladbach
2025-08-30,Manchester Utd,Burnley
2025-08-30,Tottenham,AFC Bournemouth
2025-08-30,Wolves,Everton
2025-08-30,Millwall,Wrexham AFC
2025-08-30,Leipzig,1. FC Heidenheim 1846
2025-08-30,Oxford United,Coventry City
2025-08-30,Portsmouth,Preston North End
2025-08-30,Sheffield Wednesday,Swansea City AFC
2025-08-30,Casa Pia,CD Nacional
2025-08-30,Ipswich Town,Derby County
2025-08-31,Genoa CFC,Juventus
2025-08-31,Modena,US Avellino
2025-08-31,Rot-Weiss Essen,Alemannia Aachen
2025-08-31,Torino,ACF Fiorentina
2025-08-31,UD Las Palmas,Malaga
2025-08-31,Real Betis Balompie,Athletic Club
2025-08-31,RCD Espanyol de Barcelona,CA Osasuna
2025-08-31,1. FC Koln,SC Freiburg
2025-08-31,Aston Villa,Crystal Palace
2025-08-31,Alanya,Besiktas
2025-08-31,Olympique Lyonnais,Olympique de Marseille
2025-08-31,Rayo Vallecano de Madrid,Barcelona
2025-08-31,SS Lazio,Hellas Verona
2025-08-31,Genclerbirligi,Fenerbahce
2025-08-31,Granada,CD Mirandes
2025-08-31,Rio Ave,Sporting Clube de Braga
2025-08-31,Trabzon,Samsun
2025-08-31,Internazionale Milano,Udinese Calcio
2025-08-31,SSC Bari,Monza
2025-08-31,CD Santa Clara,CF Estrela da Amadora
2025-08-31,Sudtirol,Sampdoria
2025-08-31,Carrarese Calcio,Calcio Padova
2025-08-31,Alverca,Sport Lisboa e Benfica
2025-08-31,1. FC Kaiserslautern,SV Darmstadt 98
2025-08-31,1. FC Schweinfurt 05,SV Wehen Wiesbaden
2025-08-31,Dynamo Dresden,Schalke
2025-08-31,Brighton,Manchester City
2025-08-31,Angers SCO,Stade Rennais FC 1901
2025-08-31,VfL Wolfsburg,1. FSV Mainz 05
2025-08-31,CD Tondela,GD Estoril Praia
2025-08-31,Paris,Metz
2025-08-31,SSV Ulm 1846,Waldhof Mannheim
2025-08-31,Cadiz,Albacete
2025-08-31,RC Celta de Vigo,Villarreal
2025-08-31,Le Havre,OGC Nice
2025-08-31,Monaco,RC Strasbourg Alsace
2025-08-31,Dortmund,1. FC Union Berlin
2025-08-31,Andorra,Burgos
2025-08-31,Basaksehir,yupspor
2025-08-31,1. FC Magdeburg,SpVgg Greuther Furth
2025-08-31,Liverpool,Arsenal
2025-08-31,Nottingham Forest,West Ham
2025-09-01,CD Leganes,Deportivo La Coruña
2025-09-01,SD Huesca,SD Eibar
2025-09-05,Albacete,CD Mirandes
2025-09-05,Cordoba,CD Castellon
2025-09-06,Real Zaragoza,Real Valladolid
2025-09-06,GD Estoril Praia,CD Santa Clara
2025-09-06,Malaga,Granada
2025-09-06,Deportivo La Coruña,Sporting Gijon
2025-09-07,Burgos,UD Las Palmas
2025-09-07,UD Almeria,Racing Santander
2025-09-07,AD Ceuta,SD Huesca
2025-09-07,Cultural Leonesa,CD Leganes
2025-09-07,Real Sociedad B,Cadiz
2025-09-08,SD Eibar,Andorra
2025-09-12,Olympique de Marseille,Lorient
2025-09-12,UD Las Palmas,Real Sociedad B
2025-09-12,Sevilla,Elche
2025-09-12,Leverkusen,Frankfurt
2025-09-12,Sport Lisboa e Benfica,CD Santa Clara
2025-09-12,Alverca,CD Tondela
2025-09-12,Ipswich Town,Sheffield United
2025-09-12,US Avellino,Monza
2025-09-12,Le Mans,Rodez AF
2025-09-12,SC Paderborn 07,VfL Bochum
2025-09-12,Arminia Bielefeld,1. FC Magdeburg
2025-09-12,Jahn Regensburg,Rot-Weiss Essen
2025-09-12,Amiens SC,SC Bastia
2025-09-12,Pau,Red Star
2025-09-12,US Boulogne,Stade Lavallois
2025-09-12,ESTAC Troyes,Nancy Lorraine
2025-09-13,1. FC Union Berlin,TSG 1899 Hoffenheim
2025-09-13,SC Freiburg,Stuttgart
2025-09-13,Alemannia Aachen,SSV Ulm 1846
2025-09-13,Moreirense,Rio Ave
2025-09-13,OGC Nice,Nantes
2025-09-13,VfL Wolfsburg,1. FC Koln
2025-09-13,Samsun,Antalya
2025-09-13,Eyup,Galatasaray
2025-09-13,1. FSV Mainz 05,Leipzig
2025-09-13,Karagumruk,Kasimpasa
2025-09-13,US Catanzaro,Carrarese Calcio
2025-09-13,Real Sociedad de Futbol,Real Madrid
2025-09-13,Cadiz,SD Eibar
2025-09-13,1. FC Heidenheim 1846,Dortmund
2025-09-13,Sampdoria,Cesena
2025-09-13,Juventus,Internazionale Milano
2025-09-13,AJ Auxerre,Monaco
2025-09-13,Besiktas,Basaksehir
2025-09-13,Porto,CD Nacional
2025-09-13,CD Mirandes,Deportivo La Coruña
2025-09-13,Bayern Munchen,Hamburger SV
2025-09-13,Konya,Alanya
2025-09-13,Athletic Club,Deportivo Alaves
2025-09-13,Hannover 96,Hertha BSC
2025-09-13,SD Huesca,Malaga
2025-09-13,Brentford,Chelsea
2025-09-13,Real Valladolid,UD Almeria
2025-09-13,ACF Fiorentina,SSC Napoli
2025-09-13,Club Atletico de Madrid,Villarreal
2025-09-13,West Ham,Tottenham
2025-09-13,GD Estoril Praia,AVS
2025-09-13,West Bromwich Albion,Derby County
2025-09-13,Clermont Foot 63,Saint-Étienne
2025-09-13,Watford,Blackburn Rovers
2025-09-13,Crystal Palace,Sunderland AFC
2025-09-13,Grenoble Foot 38,USL Dunkerque
2025-09-13,Hoffenheim II,SC Verl
2025-09-13,Juve Stabia,Reggiana 1919
2025-09-13,MSV Duisburg,SV Wehen Wiesbaden
2025-09-13,Erzgebirge Aue,Viktoria Koln
2025-09-13,Wrexham AFC,Queens Park Rangers
2025-09-13,Ingolstadt 04,1. FC Schweinfurt 05
2025-09-13,Preston North End,Middlesbrough
2025-09-13,Charlton Athletic,Millwall
2025-09-13,Arsenal,Nottingham Forest
2025-09-13,Schalke,Holstein Kiel
2025-09-13,SV Darmstadt 98,Eintracht Braunschweig
2025-09-13,Annecy,Stade de Reims
2025-09-13,Oxford United,Leicester
2025-09-13,VfB Stuttgart II,1. FC Saarbrucken
2025-09-13,Getafe,Real Oviedo
2025-09-13,Famalicão,Sporting Clube de Portugal
2025-09-13,Swansea City AFC,Hull City AFC
2025-09-13,Sheffield Wednesday,Bristol City
2025-09-13,Newcastle,Wolves
2025-09-13,Stoke City,Birmingham City
2025-09-13,Cagliari Calcio,Parma Calcio 1913
2025-09-13,Fulham,Leeds United
2025-09-13,Coventry City,Norwich City
2025-09-13,AFC Bournemouth,Brighton
2025-09-13,Delfino Pescara,Venezia
2025-09-13,Calcio Padova,Frosinone Calcio
2025-09-13,Everton,Aston Villa
2025-09-13,Karlsruher SC,1. FC Nurnberg
2025-09-13,Modena,SSC Bari
2025-09-14,Sporting Gijon,Burgos
2025-09-14,Monchengladbach,SV Werder Bremen
2025-09-14,Metz,Angers SCO
2025-09-14,Gaziantep,Kocaelispor
2025-09-14,RC Strasbourg Alsace,Le Havre
2025-09-14,Stade Brestois 29,Paris
2025-09-14,CD Castellon,AD Ceuta
2025-09-14,US Sassuolo Calcio,SS Lazio
2025-09-14,Manchester City,Manchester Utd
2025-09-14,Barcelona,Valencia
2025-09-14,Fenerbahce,Trabzon
2025-09-14,CA Osasuna,Rayo Vallecano de Madrid
2025-09-14,TSV 1860 Munchen,TSV Havelse
2025-09-14,Granada,CD Leganes
2025-09-14,Milan,Bologna FC 1909
2025-09-14,Stade Rennais FC 1901,Olympique Lyonnais
2025-09-14,Levante UD,Real Betis Balompie
2025-09-14,Sporting Clube de Braga,Gil Vicente
2025-09-14,Empoli,Spezia Calcio
2025-09-14,Arouca,Casa Pia
2025-09-14,RC Celta de Vigo,Girona
2025-09-14,Southampton,Portsmouth
2025-09-14,Kayseri,Goztepe
2025-09-14,Burnley,Liverpool
2025-09-14,Roma,Torino
2025-09-14,SV 07 Elversberg,Dynamo Dresden
2025-09-14,VfL Osnabruck,Hansa Rostock
2025-09-14,SpVgg Greuther Furth,1. FC Kaiserslautern
2025-09-14,Preußen Munster,Fortuna Dusseldorf
2025-09-14,Andorra,Cordoba
2025-09-14,Paris Saint-Germain,Racing Club de Lens
2025-09-14,Lille OSC,Toulouse
2025-09-14,CF Estrela da Amadora,Vitoria Guimarães
2025-09-14,Waldhof Mannheim,Energie Cottbus
2025-09-14,St. Pauli 1910,Augsburg
2025-09-14,Virtus Entella,Mantova 1911 SSD
2025-09-14,Pisa 1909,Udinese Calcio
2025-09-14,Atalanta BC,US Lecce
2025-09-14,Racing Santander,Cultural Leonesa
2025-09-14,Sudtirol,Palermo
2025-09-15,Real Zaragoza,Albacete
2025-09-15,Rize,Genclerbirligi
2025-09-15,Hellas Verona,US Cremonese
2025-09-15,Como 1907,Genoa CFC
2025-09-15,RCD Espanyol de Barcelona,RCD Mallorca
2025-09-15,EA Guingamp,Montpellier HSC
2025-09-16,1. FC Schweinfurt 05,MSV Duisburg
2025-09-16,SC Verl,Alemannia Aachen
2025-09-16,SV Wehen Wiesbaden,Jahn Regensburg
2025-09-16,US Boulogne,SC Bastia
2025-09-16,1. FC Saarbrucken,SSV Ulm 1846
2025-09-16,Viktoria Koln,Hoffenheim II
2025-09-17,Hansa Rostock,TSV 1860 Munchen
2025-09-17,Samsun,Kasimpasa
2025-09-17,Waldhof Mannheim,VfB Stuttgart II
2025-09-17,Energie Cottbus,Erzgebirge Aue
2025-09-17,Karagumruk,Basaksehir
2025-09-17,Fenerbahce,Alanya
2025-09-17,Rot-Weiss Essen,VfL Osnabruck
2025-09-17,TSV Havelse,Ingolstadt 04
2025-09-19,Real Betis Balompie,Real Sociedad de Futbol
2025-09-19,Middlesbrough,West Bromwich Albion
2025-09-19,Palermo,SSC Bari
2025-09-19,Rio Ave,Porto
2025-09-19,Deportivo La Coruña,SD Huesca
2025-09-19,USL Dunkerque,Le Mans
2025-09-19,US Lecce,Cagliari Calcio
2025-09-19,Olympique Lyonnais,Angers SCO
2025-09-19,Stuttgart,St. Pauli 1910
2025-09-19,US Boulogne,Pau
2025-09-19,Stade Lavallois,Amiens SC
2025-09-19,Rodez AF,Clermont Foot 63
2025-09-19,Grenoble Foot 38,Annecy
2025-09-19,Nancy Lorraine,Red Star
2025-09-19,1. FC Saarbrucken,1. FC Schweinfurt 05
2025-09-19,Frosinone Calcio,Sudtirol
2025-09-19,Arminia Bielefeld,SpVgg Greuther Furth
2025-09-19,1. FC Kaiserslautern,Preußen Munster
2025-09-19,Goztepe,Besiktas
2025-09-20,Genclerbirligi,Eyup
2025-09-20,CD Santa Clara,Alverca
2025-09-20,Andorra,CD Mirandes
2025-09-20,TSG 1899 Hoffenheim,Bayern Munchen
2025-09-20,Hamburger SV,1. FC Heidenheim 1846
2025-09-20,Real Madrid,RCD Espanyol de Barcelona
2025-09-20,Augsburg,1. FSV Mainz 05
2025-09-20,Racing Club de Lens,Lille OSC
2025-09-20,Hellas Verona,Juventus
2025-09-20,Nantes,Stade Rennais FC 1901
2025-09-20,Manchester Utd,Chelsea
2025-09-20,CD Leganes,UD Las Palmas
2025-09-20,CD Nacional,Arouca
2025-09-20,Valencia,Athletic Club
2025-09-20,Vitoria Guimarães,Sporting Clube de Braga
2025-09-20,AVS,Sport Lisboa e Benfica
2025-09-20,Deportivo Alaves,Sevilla
2025-09-20,UD Almeria,Sporting Gijon
2025-09-20,Fulham,Brentford
2025-09-20,Trabzon,Gaziantep
2025-09-20,Udinese Calcio,Milan
2025-09-20,Saint-Étienne,Stade de Reims
2025-09-20,Stade Brestois 29,OGC Nice
2025-09-20,TSV 1860 Munchen,Hoffenheim II
2025-09-20,Leipzig,1. FC Koln
2025-09-20,Antalya,Kayseri
2025-09-20,Villarreal,CA Osasuna
2025-09-20,SV Werder Bremen,SC Freiburg
2025-09-20,Mantova 1911 SSD,Modena
2025-09-20,1. FC Nurnberg,VfL Bochum
2025-09-20,VfB Stuttgart II,Viktoria Koln
2025-09-20,Monza,Sampdoria
2025-09-20,Sheffield United,Charlton Athletic
2025-09-20,VfL Osnabruck,Erzgebirge Aue
2025-09-20,ESTAC Troyes,EA Guingamp
2025-09-20,Ingolstadt 04,SV Wehen Wiesbaden
2025-09-20,Eintracht Braunschweig,SV 07 Elversberg
2025-09-20,1. FC Magdeburg,Schalke
2025-09-20,Birmingham City,Swansea City AFC
2025-09-20,Liverpool,Everton
2025-09-20,Hertha BSC,SC Paderborn 07
2025-09-20,Alemannia Aachen,Waldhof Mannheim
2025-09-20,Leicester,Coventry City
2025-09-20,Rot-Weiss Essen,Hansa Rostock
2025-09-20,Brighton,Tottenham
2025-09-20,Queens Park Rangers,Stoke City
2025-09-20,Portsmouth,Sheffield Wednesday
2025-09-20,Burnley,Nottingham Forest
2025-09-20,Reggiana 1919,US Catanzaro
2025-09-20,Girona,Levante UD
2025-09-20,Spezia Calcio,Juve Stabia
2025-09-20,Cultural Leonesa,CD Castellon
2025-09-20,Bologna FC 1909,Genoa CFC
2025-09-20,Venezia,Cesena
2025-09-20,West Ham,Crystal Palace
2025-09-20,Wolves,Leeds United
2025-09-20,Derby County,Preston North End
2025-09-20,Montpellier HSC,SC Bastia
2025-09-20,Norwich City,Wrexham AFC
2025-09-20,Hull City AFC,Southampton
2025-09-21,Arsenal,Manchester City
2025-09-21,Gil Vicente,GD Estoril Praia
2025-09-21,Le Havre,Lorient
2025-09-21,Monaco,Metz
2025-09-21,SD Eibar,Real Sociedad B
2025-09-21,Leverkusen,Monchengladbach
2025-09-21,Malaga,Cadiz
2025-09-21,Dortmund,VfL Wolfsburg
2025-09-21,Internazionale Milano,US Sassuolo Calcio
2025-09-21,SSV Ulm 1846,Jahn Regensburg
2025-09-21,Kasimpasa,Fenerbahce
2025-09-21,Samsun,Karagumruk
2025-09-21,Cordoba,Racing Santander
2025-09-21,Casa Pia,Famalicão
2025-09-21,Barcelona,Getafe
2025-09-21,Calcio Padova,Virtus Entella
2025-09-21,Elche,Real Oviedo
2025-09-21,ACF Fiorentina,Como 1907
2025-09-21,AJ Auxerre,Toulouse
2025-09-21,Delfino Pescara,Empoli
2025-09-21,CD Tondela,CF Estrela da Amadora
2025-09-21,Basaksehir,lanyaspor
2025-09-21,Carrarese Calcio,US Avellino
2025-09-21,SS Lazio,Roma
2025-09-21,Paris,RC Strasbourg Alsace
2025-09-21,TSV Havelse,MSV Duisburg
2025-09-21,Fortuna Dusseldorf,SV Darmstadt 98
2025-09-21,Dynamo Dresden,Hannover 96
2025-09-21,AD Ceuta,Real Zaragoza
2025-09-21,AFC Bournemouth,Newcastle
2025-09-21,RCD Mallorca,Club Atletico de Madrid
2025-09-21,Holstein Kiel,Karlsruher SC
2025-09-21,Bristol City,Oxford United
2025-09-21,Torino,Atalanta BC
2025-09-21,US Cremonese,Parma Calcio 1913
2025-09-21,Albacete,Real Valladolid
2025-09-21,Frankfurt,1. FC Union Berlin
2025-09-21,SC Verl,Energie Cottbus
2025-09-21,Rayo Vallecano de Madrid,RC Celta de Vigo
2025-09-21,Sunderland AFC,Aston Villa
2025-09-21,Kocaelispor,Rize
2025-09-22,SSC Napoli,Pisa 1909
2025-09-22,Sporting Clube de Portugal,Moreirense
2025-09-22,Olympique de Marseille,Paris Saint-Germain
2025-09-22,Galatasaray,Konya
2025-09-22,Millwall,Watford
2025-09-22,Burgos,Granada
2025-09-23,Le Mans,Grenoble Foot 38
2025-09-23,Sport Lisboa e Benfica,Rio Ave
2025-09-23,Levante UD,Real Madrid
2025-09-23,Stade de Reims,Clermont Foot 63
2025-09-23,SC Bastia,Rodez AF
2025-09-23,Amiens SC,Saint-Étienne
2025-09-23,Sevilla,Villarreal
2025-09-23,Annecy,Nancy Lorraine
2025-09-23,EA Guingamp,USL Dunkerque
2025-09-23,RCD Espanyol de Barcelona,Valencia
2025-09-23,Athletic Club,Girona
2025-09-23,Montpellier HSC,US Boulogne
2025-09-23,Pau,Stade Lavallois
2025-09-23,Red Star,ESTAC Troyes
2025-09-24,Club Atletico de Madrid,Rayo Vallecano de Madrid
2025-09-24,Getafe,Deportivo Alaves
2025-09-24,Kayseri,Besiktas
2025-09-24,Real Sociedad de Futbol,RCD Mallorca
2025-09-25,CA Osasuna,Elche
2025-09-25,Real Oviedo,Barcelona
2025-09-26,West Bromwich Albion,Leicester
2025-09-26,Sport Lisboa e Benfica,Gil Vicente
2025-09-26,Bayern Munchen,SV Werder Bremen
2025-09-26,Girona,RCD Espanyol de Barcelona
2025-09-26,Rodez AF,Pau
2025-09-26,CD Mirandes,Real Zaragoza
2025-09-26,RC Strasbourg Alsace,Olympique de Marseille
2025-09-26,US Catanzaro,Juve Stabia
2025-09-26,Energie Cottbus,VfB Stuttgart II
2025-09-26,Alanya,Galatasaray
2025-09-26,Nancy Lorraine,Stade de Reims
2025-09-26,Schalke,SpVgg Greuther Furth
2025-09-26,SV Darmstadt 98,Dynamo Dresden
2025-09-26,Grenoble Foot 38,SC Bastia
2025-09-26,Clermont Foot 63,Le Mans
2025-09-26,ESTAC Troyes,Annecy
2025-09-27,Moreirense,Casa Pia
2025-09-27,St. Pauli 1910,Leverkusen
2025-09-27,1. FSV Mainz 05,Dortmund
2025-09-27,Waldhof Mannheim,Rot-Weiss Essen
2025-09-27,SD Eibar,Deportivo La Coruña
2025-09-27,1. FC Heidenheim 1846,Augsburg
2025-09-27,Getafe,Levante UD
2025-09-27,Gaziantep,Samsun
2025-09-27,Monza,Calcio Padova
2025-09-27,Club Atletico de Madrid,Real Madrid
2025-09-27,Lorient,Monaco
2025-09-27,Nottingham Forest,Sunderland AFC
2025-09-27,Racing Santander,Andorra
2025-09-27,Eyup,Goztepe
2025-09-27,RCD Mallorca,Deportivo Alaves
2025-09-27,Watford,Hull City AFC
2025-09-27,SSC Bari,Sampdoria
2025-09-27,Paris Saint-Germain,AJ Auxerre
2025-09-27,CF Estrela da Amadora,AVS
2025-09-27,Villarreal,Athletic Club
2025-09-27,Cagliari Calcio,Internazionale Milano
2025-09-27,GD Estoril Praia,Sporting Clube de Portugal
2025-09-27,Tottenham,Wolves
2025-09-27,VfL Bochum,Fortuna Dusseldorf
2025-09-27,UD Las Palmas,UD Almeria
2025-09-27,Karagumruk,Trabzon
2025-09-27,Saint-Étienne,EA Guingamp
2025-09-27,Toulouse,Nantes
2025-09-27,Monchengladbach,Frankfurt
2025-09-27,Stoke City,Norwich City
2025-09-27,CD Santa Clara,CD Tondela
2025-09-27,Juventus,Atalanta BC
2025-09-27,Charlton Athletic,Blackburn Rovers
2025-09-27,VfL Wolfsburg,Leipzig
2025-09-27,1. FC Schweinfurt 05,Alemannia Aachen
2025-09-27,SV Wehen Wiesbaden,1. FC Saarbrucken
2025-09-27,Hansa Rostock,TSV Havelse
2025-09-27,Stade Lavallois,Montpellier HSC
2025-09-27,Erzgebirge Aue,TSV 1860 Munchen
2025-09-27,Coventry City,Birmingham City
2025-09-27,Swansea City AFC,Millwall
2025-09-27,USL Dunkerque,Amiens SC
2025-09-27,Brentford,Manchester Utd
2025-09-27,Karlsruher SC,1. FC Magdeburg
2025-09-27,SC Paderborn 07,1. FC Kaiserslautern
2025-09-27,MSV Duisburg,Ingolstadt 04
2025-09-27,Southampton,Middlesbrough
2025-09-27,US Avellino,Virtus Entella
2025-09-27,Oxford United,Sheffield United
2025-09-27,SV 07 Elversberg,Holstein Kiel
2025-09-27,Preston North End,Bristol City
2025-09-27,Wrexham AFC,Derby County
2025-09-27,Sheffield Wednesday,Queens Park Rangers
2025-09-27,Cesena,Palermo
2025-09-27,Mantova 1911 SSD,Frosinone Calcio
2025-09-27,Sudtirol,Reggiana 1919
2025-09-27,Venezia,Spezia Calcio
2025-09-27,Como 1907,US Cremonese
2025-09-27,Leeds United,AFC Bournemouth
2025-09-27,Chelsea,Brighton
2025-09-27,Manchester City,Burnley
2025-09-27,Ipswich Town,Portsmouth
2025-09-27,Crystal Palace,Liverpool
2025-09-28,1. FC Koln,Stuttgart
2025-09-28,Real Valladolid,Cultural Leonesa
2025-09-28,Lille OSC,Olympique Lyonnais
2025-09-28,Angers SCO,Stade Brestois 29
2025-09-28,Empoli,Carrarese Calcio
2025-09-28,Sporting Gijon,Albacete
2025-09-28,Barcelona,Real Sociedad de Futbol
2025-09-28,Milan,SSC Napoli
2025-09-28,Kayseri,Genclerbirligi
2025-09-28,Modena,Delfino Pescara
2025-09-28,SD Huesca,Granada
2025-09-28,Famalicão,Rio Ave
2025-09-28,Stade Rennais FC 1901,Racing Club de Lens
2025-09-28,Real Betis Balompie,CA Osasuna
2025-09-28,Metz,Le Havre
2025-09-28,Viktoria Koln,VfL Osnabruck
2025-09-28,Fenerbahce,Antalya
2025-09-28,US Lecce,Bologna FC 1909
2025-09-28,1. FC Union Berlin,Hamburger SV
2025-09-28,Sporting Clube de Braga,CD Nacional
2025-09-28,Cadiz,AD Ceuta
2025-09-28,Rayo Vallecano de Madrid,Sevilla
2025-09-28,1. FC Nurnberg,Hertha BSC
2025-09-28,Hannover 96,Arminia Bielefeld
2025-09-28,Real Sociedad B,Cordoba
2025-09-28,Aston Villa,Fulham
2025-09-28,Jahn Regensburg,SC Verl
2025-09-28,Roma,Hellas Verona
2025-09-28,Alverca,Vitoria Guimarães
2025-09-28,Burgos,Malaga
2025-09-28,Preußen Munster,Eintracht Braunschweig
2025-09-28,SC Freiburg,TSG 1899 Hoffenheim
2025-09-28,Hoffenheim II,SSV Ulm 1846
2025-09-28,Konya,Basaksehir
2025-09-28,Rize,Kasimpasa
2025-09-28,US Sassuolo Calcio,Udinese Calcio
2025-09-28,Pisa 1909,ACF Fiorentina
2025-09-28,Elche,RC Celta de Vigo
2025-09-28,OGC Nice,Paris
2025-09-28,Newcastle,Arsenal
2025-09-29,US Boulogne,Red Star
2025-09-29,Everton,West Ham
2025-09-29,Arouca,Porto
2025-09-29,Genoa CFC,SS Lazio
2025-09-29,Parma Calcio 1913,Torino
2025-09-29,CD Leganes,CD Castellon
2025-09-29,Besiktas,Kocaelispor
2025-09-30,Reggiana 1919,Spezia Calcio
2025-09-30,Valencia,Real Oviedo
2025-09-30,Derby County,Charlton Athletic
2025-09-30,Sheffield United,Southampton
2025-09-30,Middlesbrough,Stoke City
2025-09-30,Leicester,Wrexham AFC
2025-09-30,Hull City AFC,Preston North End
2025-09-30,Bristol City,Ipswich Town
2025-09-30,Blackburn Rovers,Swansea City AFC
2025-09-30,Birmingham City,Sheffield Wednesday
2025-09-30,Juve Stabia,Mantova 1911 SSD
2025-09-30,Frosinone Calcio,Cesena
2025-09-30,Virtus Entella,SSC Bari
2025-09-30,Alemannia Aachen,Erzgebirge Aue
2025-09-30,TSV Havelse,Waldhof Mannheim
2025-09-30,Hansa Rostock,Energie Cottbus
2025-09-30,VfB Stuttgart II,SV Wehen Wiesbaden
2025-09-30,1. FC Saarbrucken,MSV Duisburg
2025-09-30,Palermo,Venezia
2025-09-30,Calcio Padova,US Avellino
2025-10-01,Empoli,Monza
2025-10-01,Queens Park Rangers,Oxford United
2025-10-01,Portsmouth,Watford
2025-10-01,Norwich City,West Bromwich Albion
2025-10-01,Millwall,Coventry City
2025-10-01,Sampdoria,US Catanzaro
2025-10-01,SC Verl,Ingolstadt 04
2025-10-01,TSV 1860 Munchen,Viktoria Koln
2025-10-01,Rot-Weiss Essen,Hoffenheim II
2025-10-01,VfL Osnabruck,Jahn Regensburg
2025-10-01,SSV Ulm 1846,1. FC Schweinfurt 05
2025-10-01,Carrarese Calcio,Modena
2025-10-01,Delfino Pescara,Sudtirol
2025-10-03,AD Ceuta,SD Eibar
2025-10-03,Paris,Lorient
2025-10-03,Hellas Verona,US Sassuolo Calcio
2025-10-03,TSG 1899 Hoffenheim,1. FC Koln
2025-10-03,Casa Pia,GD Estoril Praia
2025-10-03,CA Osasuna,Getafe
2025-10-03,AFC Bournemouth,Fulham
2025-10-03,SC Bastia,USL Dunkerque
2025-10-03,Trabzon,Kayseri
2025-10-03,MSV Duisburg,Hansa Rostock
2025-10-03,Wrexham AFC,Birmingham City
2025-10-03,Pau,Clermont Foot 63
2025-10-03,Antalya,Rize
2025-10-03,EA Guingamp,Nancy Lorraine
2025-10-03,Eintracht Braunschweig,SC Paderborn 07
2025-10-03,Fortuna Dusseldorf,1. FC Nurnberg
2025-10-03,Amiens SC,US Boulogne
2025-10-03,Le Mans,ESTAC Troyes
2025-10-03,Annecy,Stade Lavallois
2025-10-04,SD Huesca,Burgos
2025-10-04,Augsburg,VfL Wolfsburg
2025-10-04,Andorra,CD Leganes
2025-10-04,Energie Cottbus,Alemannia Aachen
2025-10-04,Gil Vicente,CF Estrela da Amadora
2025-10-04,Dortmund,Leipzig
2025-10-04,Kocaelispor,Eyup
2025-10-04,Leverkusen,1. FC Union Berlin
2025-10-04,CD Nacional,Moreirense
2025-10-04,Parma Calcio 1913,US Lecce
2025-10-04,Girona,Valencia
2025-10-04,Spezia Calcio,Palermo
2025-10-04,SV Werder Bremen,St. Pauli 1910
2025-10-04,AVS,Alverca
2025-10-04,Holstein Kiel,SV Darmstadt 98
2025-10-04,Deportivo La Coruña,UD Almeria
2025-10-04,AJ Auxerre,Racing Club de Lens
2025-10-04,Vitoria Guimarães,CD Santa Clara
2025-10-04,Granada,Real Sociedad B
2025-10-04,Dynamo Dresden,Karlsruher SC
2025-10-04,Real Madrid,Villarreal
2025-10-04,Montpellier HSC,Saint-Étienne
2025-10-04,Stade Brestois 29,Nantes
2025-10-04,Frankfurt,Bayern Munchen
2025-10-04,Athletic Club,RCD Mallorca
2025-10-04,Cesena,Reggiana 1919
2025-10-04,Galatasaray,Besiktas
2025-10-04,Metz,Olympique de Marseille
2025-10-04,Atalanta BC,Como 1907
2025-10-04,Chelsea,Liverpool
2025-10-04,Red Star,Rodez AF
2025-10-04,Hull City AFC,Sheffield United
2025-10-04,Jahn Regensburg,1. FC Saarbrucken
2025-10-04,Viktoria Koln,TSV Havelse
2025-10-04,Ingolstadt 04,SSV Ulm 1846
2025-10-04,1. FC Kaiserslautern,VfL Bochum
2025-10-04,Sheffield Wednesday,Coventry City
2025-10-04,Blackburn Rovers,Stoke City
2025-10-04,Hertha BSC,Preußen Munster
2025-10-04,Stade de Reims,Grenoble Foot 38
2025-10-04,1. FC Schweinfurt 05,SC Verl
2025-10-04,Waldhof Mannheim,VfL Osnabruck
2025-10-04,Leeds United,Tottenham
2025-10-04,Derby County,Southampton
2025-10-04,Genclerbirligi,Alanya
2025-10-04,Internazionale Milano,US Cremonese
2025-10-04,Portsmouth,Middlesbrough
2025-10-04,Preston North End,Charlton Athletic
2025-10-04,Arsenal,West Ham
2025-10-04,US Avellino,Mantova 1911 SSD
2025-10-04,Real Oviedo,Levante UD
2025-10-04,SSC Bari,Calcio Padova
2025-10-04,Monza,US Catanzaro
2025-10-04,Bristol City,Queens Park Rangers
2025-10-04,Watford,Oxford United
2025-10-04,Millwall,West Bromwich Albion
2025-10-04,SS Lazio,Torino
2025-10-04,Manchester Utd,Sunderland AFC
2025-10-04,Swansea City AFC,Leicester
2025-10-04,Venezia,Frosinone Calcio
2025-10-05,RC Strasbourg Alsace,Angers SCO
2025-10-05,RCD Espanyol de Barcelona,Real Betis Balompie
2025-10-05,Le Havre,Stade Rennais FC 1901
2025-10-05,Monaco,OGC Nice
2025-10-05,Racing Santander,Malaga
2025-10-05,Hamburger SV,1. FSV Mainz 05
2025-10-05,Rio Ave,CD Tondela
2025-10-05,Real Valladolid,CD Mirandes
2025-10-05,SSC Napoli,Genoa CFC
2025-10-05,Modena,Virtus Entella
2025-10-05,Juventus,Milan
2025-10-05,Samsun,Fenerbahce
2025-10-05,Goztepe,Basaksehir
2025-10-05,Sporting Clube de Portugal,Sporting Clube de Braga
2025-10-05,Monchengladbach,SC Freiburg
2025-10-05,Sevilla,Barcelona
2025-10-05,Lille OSC,Paris Saint-Germain
2025-10-05,RC Celta de Vigo,Club Atletico de Madrid
2025-10-05,Porto,Sport Lisboa e Benfica
2025-10-05,Brentford,Manchester City
2025-10-05,UD Las Palmas,Cadiz
2025-10-05,Real Sociedad de Futbol,Rayo Vallecano de Madrid
2025-10-05,Hoffenheim II,VfB Stuttgart II
2025-10-05,SV Wehen Wiesbaden,TSV 1860 Munchen
2025-10-05,CD Castellon,Sporting Gijon
2025-10-05,Ipswich Town,Norwich City
2025-10-05,Aston Villa,Burnley
2025-10-05,Udinese Calcio,Cagliari Calcio
2025-10-05,Sampdoria,Delfino Pescara
2025-10-05,Erzgebirge Aue,Rot-Weiss Essen
2025-10-05,SpVgg Greuther Furth,Hannover 96
2025-10-05,Arminia Bielefeld,Schalke
2025-10-05,ACF Fiorentina,Roma
2025-10-05,Kasimpasa,Konya
2025-10-05,Carrarese Calcio,Juve Stabia
2025-10-05,Real Zaragoza,Cordoba
2025-10-05,1. FC Magdeburg,SV 07 Elversberg
2025-10-05,Deportivo Alaves,Elche
2025-10-05,Olympique Lyonnais,Toulouse
2025-10-05,Stuttgart,1. FC Heidenheim 1846
2025-10-05,Everton,Crystal Palace
2025-10-05,Karagumruk,Gaziantep
2025-10-05,Arouca,Famalicão
2025-10-05,Sudtirol,Empoli
2025-10-05,Wolves,Brighton
2025-10-05,Bologna FC 1909,Pisa 1909
2025-10-05,Newcastle,Nottingham Forest
2025-10-06,Cultural Leonesa,Albacete
2025-10-10,Granada,UD Las Palmas
2025-10-11,CD Mirandes,CD Leganes
2025-10-11,Real Sociedad B,Andorra
2025-10-11,UD Almeria,Real Zaragoza
2025-10-12,Cadiz,SD Huesca
2025-10-12,Malaga,Deportivo La Coruña
2025-10-12,Burgos,Real Valladolid
2025-10-12,SD Eibar,CD Castellon
2025-10-12,Albacete,AD Ceuta
2025-10-12,Sporting Gijon,Racing Santander
2025-10-13,Cordoba,Cultural Leonesa
2025-10-17,Virtus Entella,Sampdoria
2025-10-17,Paris Saint-Germain,RC Strasbourg Alsace
2025-10-17,1. FC Union Berlin,Monchengladbach
2025-10-17,Rodez AF,Stade de Reims
2025-10-17,Andorra,Granada
2025-10-17,Middlesbrough,Ipswich Town
2025-10-17,Real Oviedo,RCD Espanyol de Barcelona
2025-10-17,Clermont Foot 63,Annecy
2025-10-17,US Boulogne,EA Guingamp
2025-10-17,Erzgebirge Aue,Waldhof Mannheim
2025-10-17,Fortuna Dusseldorf,Eintracht Braunschweig
2025-10-17,Grenoble Foot 38,Pau
2025-10-17,ESTAC Troyes,SC Bastia
2025-10-17,Hannover 96,Schalke
2025-10-18,West Bromwich Albion,Preston North End
2025-10-18,US Lecce,US Sassuolo Calcio
2025-10-18,AD Ceuta,CD Mirandes
2025-10-18,Barcelona,Girona
2025-10-18,Leipzig,Hamburger SV
2025-10-18,Juve Stabia,US Avellino
2025-10-18,1. FSV Mainz 05,Leverkusen
2025-10-18,1. FC Koln,Augsburg
2025-10-18,Besiktas,Genclerbirligi
2025-10-18,Rize,Trabzon
2025-10-18,VfL Wolfsburg,Stuttgart
2025-10-18,Rot-Weiss Essen,Viktoria Koln
2025-10-18,OGC Nice,Olympique Lyonnais
2025-10-18,Club Atletico de Madrid,CA Osasuna
2025-10-18,Torino,SSC Napoli
2025-10-18,Real Zaragoza,Cultural Leonesa
2025-10-18,Fulham,Arsenal
2025-10-18,Olympique de Marseille,Le Havre
2025-10-18,Roma,Internazionale Milano
2025-10-18,Leicester,Portsmouth
2025-10-18,VfL Bochum,Hertha BSC
2025-10-18,Sheffield United,Watford
2025-10-18,Saint-Étienne,Le Mans
2025-10-18,Angers SCO,Monaco
2025-10-18,Bayern Munchen,Dortmund
2025-10-18,Villarreal,Real Betis Balompie
2025-10-18,Spezia Calcio,Cesena
2025-10-18,Basaksehir,alatasaray
2025-10-18,1. FC Heidenheim 1846,SV Werder Bremen
2025-10-18,Stoke City,Wrexham AFC
2025-10-18,Delfino Pescara,Carrarese Calcio
2025-10-18,Queens Park Rangers,Millwall
2025-10-18,Alemannia Aachen,Ingolstadt 04
2025-10-18,Hansa Rostock,SV Wehen Wiesbaden
2025-10-18,VfL Osnabruck,Hoffenheim II
2025-10-18,VfB Stuttgart II,1. FC Schweinfurt 05
2025-10-18,Stade Lavallois,Red Star
2025-10-18,Norwich City,Bristol City
2025-10-18,Southampton,Swansea City AFC
2025-10-18,USL Dunkerque,Montpellier HSC
2025-10-18,Oxford United,Derby County
2025-10-18,Nottingham Forest,Chelsea
2025-10-18,Coventry City,Blackburn Rovers
2025-10-18,Karlsruher SC,1. FC Kaiserslautern
2025-10-18,1. FC Saarbrucken,SC Verl
2025-10-18,Preußen Munster,Dynamo Dresden
2025-10-18,Konya,Kocaelispor
2025-10-18,SC Paderborn 07,Arminia Bielefeld
2025-10-18,Sevilla,RCD Mallorca
2025-10-18,Birmingham City,Hull City AFC
2025-10-18,Reggiana 1919,SSC Bari
2025-10-18,Brighton,Newcastle
2025-10-18,Manchester City,Everton
2025-10-18,Mantova 1911 SSD,Sudtirol
2025-10-18,Crystal Palace,AFC Bournemouth
2025-10-18,Burnley,Leeds United
2025-10-18,Sunderland AFC,Wolves
2025-10-18,Charlton Athletic,Sheffield Wednesday
2025-10-18,Frosinone Calcio,Monza
2025-10-18,Pisa 1909,Hellas Verona
2025-10-19,Cordoba,UD Almeria
2025-10-19,St. Pauli 1910,TSG 1899 Hoffenheim
2025-10-19,Liverpool,Manchester Utd
2025-10-19,Lorient,Stade Brestois 29
2025-10-19,Toulouse,Metz
2025-10-19,Racing Santander,Deportivo La Coruña
2025-10-19,Milan,ACF Fiorentina
2025-10-19,RC Celta de Vigo,Real Sociedad de Futbol
2025-10-19,Levante UD,Rayo Vallecano de Madrid
2025-10-19,TSV Havelse,Jahn Regensburg
2025-10-19,Fenerbahce,Karagumruk
2025-10-19,UD Las Palmas,SD Eibar
2025-10-19,Nantes,Lille OSC
2025-10-19,Empoli,Venezia
2025-10-19,Atalanta BC,SS Lazio
2025-10-19,Stade Rennais FC 1901,AJ Auxerre
2025-10-19,US Catanzaro,Calcio Padova
2025-10-19,Gaziantep,Antalya
2025-10-19,Real Valladolid,Sporting Gijon
2025-10-19,TSV 1860 Munchen,MSV Duisburg
2025-10-19,Kayseri,Samsun
2025-10-19,Como 1907,Juventus
2025-10-19,SV 07 Elversberg,SpVgg Greuther Furth
2025-10-19,SSV Ulm 1846,Energie Cottbus
2025-10-19,1. FC Nurnberg,Holstein Kiel
2025-10-19,SV Darmstadt 98,1. FC Magdeburg
2025-10-19,CD Leganes,Malaga
2025-10-19,Tottenham,Aston Villa
2025-10-19,CD Castellon,Albacete
2025-10-19,Elche,Athletic Club
2025-10-19,SC Freiburg,Frankfurt
2025-10-19,Cagliari Calcio,Bologna FC 1909
2025-10-19,Racing Club de Lens,Paris
2025-10-19,Genoa CFC,Parma Calcio 1913
2025-10-19,Getafe,Real Madrid
2025-10-19,Alanya,Goztepe
2025-10-19,Palermo,Modena
2025-10-20,US Cremonese,Udinese Calcio
2025-10-20,West Ham,Brentford
2025-10-20,Deportivo Alaves,Valencia
2025-10-20,Cadiz,Burgos
2025-10-20,Eyup,Kasimpasa
2025-10-20,Nancy Lorraine,Amiens SC
2025-10-21,Blackburn Rovers,Sheffield United
2025-10-21,Derby County,Norwich City
2025-10-21,Hull City AFC,Leicester
2025-10-21,Ipswich Town,Charlton Athletic
2025-10-21,Millwall,Stoke City
2025-10-21,Portsmouth,Coventry City
2025-10-21,Preston North End,Birmingham City
2025-10-21,Bristol City,Southampton
2025-10-22,Watford,West Bromwich Albion
2025-10-22,Sheffield Wednesday,Middlesbrough
2025-10-22,Wrexham AFC,Oxford United
2025-10-22,Konya,Besiktas
2025-10-22,Swansea City AFC,Queens Park Rangers
2025-10-22,Rize,Basaksehir
2025-10-24,Leeds United,West Ham
2025-10-24,SD Huesca,UD Las Palmas
2025-10-24,Real Sociedad de Futbol,Sevilla
2025-10-24,Paris,Nantes
2025-10-24,Milan,Pisa 1909
2025-10-24,SV Werder Bremen,1. FC Union Berlin
2025-10-24,Modena,Empoli
2025-10-24,Preston North End,Sheffield United
2025-10-24,Alverca,Gil Vicente
2025-10-24,Karagumruk,Kayseri
2025-10-24,Red Star,Grenoble Foot 38
2025-10-24,Stade de Reims,ESTAC Troyes
2025-10-24,Pau,USL Dunkerque
2025-10-24,EA Guingamp,Clermont Foot 63
2025-10-24,SV Wehen Wiesbaden,Alemannia Aachen
2025-10-24,Schalke,SV Darmstadt 98
2025-10-24,SpVgg Greuther Furth,Karlsruher SC
2025-10-24,Le Mans,US Boulogne
2025-10-25,Kocaelispor,Alanya
2025-10-25,SD Eibar,CD Leganes
2025-10-25,Frankfurt,St. Pauli 1910
2025-10-25,1. FC Schweinfurt 05,VfL Osnabruck
2025-10-25,Granada,Cadiz
2025-10-25,Stade Brestois 29,Paris Saint-Germain
2025-10-25,Monchengladbach,Bayern Munchen
2025-10-25,RCD Espanyol de Barcelona,Elche
2025-10-25,SSC Napoli,Internazionale Milano
2025-10-25,Manchester Utd,Brighton
2025-10-25,Burgos,Real Sociedad B
2025-10-25,Udinese Calcio,US Lecce
2025-10-25,TSG 1899 Hoffenheim,1. FC Heidenheim 1846
2025-10-25,Dortmund,1. FC Koln
2025-10-25,Racing Club de Lens,Olympique de Marseille
2025-10-25,US Catanzaro,Palermo
2025-10-25,Albacete,Cordoba
2025-10-25,Valencia,Villarreal
2025-10-25,US Cremonese,Atalanta BC
2025-10-25,CF Estrela da Amadora,Rio Ave
2025-10-25,CD Mirandes,Racing Santander
2025-10-25,Sport Lisboa e Benfica,Arouca
2025-10-25,Hertha BSC,Fortuna Dusseldorf
2025-10-25,Trabzon,Eyup
2025-10-25,Annecy,Saint-Étienne
2025-10-25,Monaco,Toulouse
2025-10-25,Athletic Club,Getafe
2025-10-25,Brentford,Liverpool
2025-10-25,CD Santa Clara,AVS
2025-10-25,Augsburg,Leipzig
2025-10-25,Portsmouth,Stoke City
2025-10-25,Carrarese Calcio,Venezia
2025-10-25,Virtus Entella,Delfino Pescara
2025-10-25,SC Verl,SSV Ulm 1846
2025-10-25,Jahn Regensburg,VfB Stuttgart II
2025-10-25,Energie Cottbus,TSV Havelse
2025-10-25,Ingolstadt 04,1. FC Saarbrucken
2025-10-25,Montpellier HSC,Nancy Lorraine
2025-10-25,Cultural Leonesa,AD Ceuta
2025-10-25,Ipswich Town,West Bromwich Albion
2025-10-25,Amiens SC,Rodez AF
2025-10-25,Dynamo Dresden,SC Paderborn 07
2025-10-25,Arminia Bielefeld,SV 07 Elversberg
2025-10-25,Holstein Kiel,VfL Bochum
2025-10-25,Waldhof Mannheim,TSV 1860 Munchen
2025-10-25,US Avellino,Spezia Calcio
2025-10-25,Middlesbrough,Wrexham AFC
2025-10-25,Coventry City,Watford
2025-10-25,Millwall,Leicester
2025-10-25,Girona,Real Oviedo
2025-10-25,Sheffield Wednesday,Oxford United
2025-10-25,Newcastle,Fulham
2025-10-25,Monza,Reggiana 1919
2025-10-25,Sampdoria,Frosinone Calcio
2025-10-25,Sudtirol,Cesena
2025-10-25,Hamburger SV,VfL Wolfsburg
2025-10-25,Blackburn Rovers,Southampton
2025-10-25,Parma Calcio 1913,Como 1907
2025-10-25,Swansea City AFC,Norwich City
2025-10-25,Bristol City,Birmingham City
2025-10-25,Derby County,Queens Park Rangers
2025-10-25,Hull City AFC,Charlton Athletic
2025-10-25,Chelsea,Sunderland AFC
2025-10-26,CA Osasuna,RC Celta de Vigo
2025-10-26,Rayo Vallecano de Madrid,Deportivo Alaves
2025-10-26,SSC Bari,Mantova 1911 SSD
2025-10-26,Real Madrid,Barcelona
2025-10-26,Sporting Clube de Braga,Casa Pia
2025-10-26,AJ Auxerre,Le Havre
2025-10-26,Angers SCO,Lorient
2025-10-26,Stade Rennais FC 1901,OGC Nice
2025-10-26,Sporting Gijon,Real Zaragoza
2025-10-26,CD Tondela,Sporting Clube de Portugal
2025-10-26,Everton,Tottenham
2025-10-26,ACF Fiorentina,Bologna FC 1909
2025-10-26,MSV Duisburg,Rot-Weiss Essen
2025-10-26,Kasimpasa,Besiktas
2025-10-26,Deportivo La Coruña,Real Valladolid
2025-10-26,Olympique Lyonnais,RC Strasbourg Alsace
2025-10-26,Genclerbirligi,Konya
2025-10-26,UD Almeria,CD Castellon
2025-10-26,Stuttgart,1. FSV Mainz 05
2025-10-26,SS Lazio,Juventus
2025-10-26,Famalicão,Vitoria Guimarães
2025-10-26,1. FC Kaiserslautern,1. FC Nurnberg
2025-10-26,Antalya,Basaksehir
2025-10-26,Galatasaray,Goztepe
2025-10-26,AFC Bournemouth,Nottingham Forest
2025-10-26,Torino,Genoa CFC
2025-10-26,Hoffenheim II,Erzgebirge Aue
2025-10-26,Eintracht Braunschweig,Hannover 96
2025-10-26,Malaga,Andorra
2025-10-26,Calcio Padova,Juve Stabia
2025-10-26,Lille OSC,Metz
2025-10-26,1. FC Magdeburg,Preußen Munster
2025-10-26,Arsenal,Crystal Palace
2025-10-26,Wolves,Burnley
2025-10-26,Hellas Verona,Cagliari Calcio
2025-10-26,Viktoria Koln,Hansa Rostock
2025-10-26,GD Estoril Praia,CD Nacional
2025-10-26,RCD Mallorca,Levante UD
2025-10-26,US Sassuolo Calcio,Roma
2025-10-26,Leverkusen,SC Freiburg
2025-10-26,Aston Villa,Manchester City
2025-10-27,Real Betis Balompie,Club Atletico de Madrid
2025-10-27,Moreirense,Porto
2025-10-27,Gaziantep,Fenerbahce
2025-10-27,Samsun,Rize
2025-10-28,Saint-Étienne,Pau
2025-10-28,Grenoble Foot 38,EA Guingamp
2025-10-28,Atalanta BC,Milan
2025-10-28,Clermont Foot 63,Montpellier HSC
2025-10-28,USL Dunkerque,Red Star
2025-10-28,Stade Lavallois,Le Mans
2025-10-28,Rodez AF,Annecy
2025-10-28,ESTAC Troyes,Amiens SC
2025-10-28,Nancy Lorraine,SC Bastia
2025-10-28,US Lecce,SSC Napoli
2025-10-28,Delfino Pescara,US Avellino
2025-10-28,Palermo,Monza
2025-10-28,Frosinone Calcio,Virtus Entella
2025-10-28,Empoli,Sampdoria
2025-10-28,US Boulogne,Stade de Reims
2025-10-28,Cesena,Carrarese Calcio
2025-10-28,Reggiana 1919,Modena
2025-10-29,Bologna FC 1909,Torino
2025-10-29,Genoa CFC,US Cremonese
2025-10-29,Toulouse,Stade Rennais FC 1901
2025-10-29,RC Strasbourg Alsace,AJ Auxerre
2025-10-29,Paris,Olympique Lyonnais
2025-10-29,Nantes,Monaco
2025-10-29,Internazionale Milano,ACF Fiorentina
2025-10-29,Venezia,Sudtirol
2025-10-29,Olympique de Marseille,Angers SCO
2025-10-29,Roma,Parma Calcio 1913
2025-10-29,Le Havre,Stade Brestois 29
2025-10-29,OGC Nice,Lille OSC
2025-10-29,Metz,Racing Club de Lens
2025-10-29,Mantova 1911 SSD,US Catanzaro
2025-10-29,Spezia Calcio,Calcio Padova
2025-10-29,Juventus,Udinese Calcio
2025-10-29,Como 1907,Hellas Verona
2025-10-29,Lorient,Paris Saint-Germain
2025-10-30,Cagliari Calcio,US Sassuolo Calcio
2025-10-30,Pisa 1909,SS Lazio
2025-10-31,Wrexham AFC,Coventry City
2025-10-31,SC Bastia,Clermont Foot 63
2025-10-31,Racing Santander,Real Sociedad B
2025-10-31,Getafe,Girona
2025-10-31,Augsburg,Dortmund
2025-10-31,Sporting Clube de Portugal,Alverca
2025-10-31,Le Mans,Nancy Lorraine
2025-10-31,Viktoria Koln,Ingolstadt 04
2025-10-31,SV 07 Elversberg,Hannover 96
2025-10-31,Preußen Munster,Holstein Kiel
2025-10-31,Basaksehir,ocaelispor
2025-10-31,Montpellier HSC,Rodez AF
2025-10-31,EA Guingamp,Stade Lavallois
2025-10-31,Annecy,US Boulogne
2025-11-01,1. FC Heidenheim 1846,Frankfurt
2025-11-01,CD Leganes,Burgos
2025-11-01,Hansa Rostock,SC Verl
2025-11-01,CD Nacional,Famalicão
2025-11-01,Leipzig,Stuttgart
2025-11-01,St. Pauli 1910,Monchengladbach
2025-11-01,Virtus Entella,Empoli
2025-11-01,Cultural Leonesa,CD Mirandes
2025-11-01,Club Atletico de Madrid,Sevilla
2025-11-01,Paris Saint-Germain,OGC Nice
2025-11-01,Tottenham,Chelsea
2025-11-01,SSC Napoli,Como 1907
2025-11-01,1. FC Union Berlin,SC Freiburg
2025-11-01,US Cremonese,Juventus
2025-11-01,Bayern Munchen,Leverkusen
2025-11-01,Palermo,Delfino Pescara
2025-11-01,Rio Ave,GD Estoril Praia
2025-11-01,AJ Auxerre,Olympique de Marseille
2025-11-01,Real Madrid,Valencia
2025-11-01,Vitoria Guimarães,Sport Lisboa e Benfica
2025-11-01,UD Almeria,SD Eibar
2025-11-01,Liverpool,Aston Villa
2025-11-01,1. FSV Mainz 05,SV Werder Bremen
2025-11-01,Galatasaray,Trabzon
2025-11-01,Red Star,Saint-Étienne
2025-11-01,Monaco,Paris
2025-11-01,Albacete,SD Huesca
2025-11-01,Real Sociedad de Futbol,Athletic Club
2025-11-01,SV Darmstadt 98,Arminia Bielefeld
2025-11-01,Goztepe,Genclerbirligi
2025-11-01,Casa Pia,CF Estrela da Amadora
2025-11-01,Villarreal,Rayo Vallecano de Madrid
2025-11-01,Southampton,Preston North End
2025-11-01,TSV 1860 Munchen,Energie Cottbus
2025-11-01,TSV Havelse,SV Wehen Wiesbaden
2025-11-01,VfL Osnabruck,MSV Duisburg
2025-11-01,Erzgebirge Aue,Jahn Regensburg
2025-11-01,Amiens SC,Grenoble Foot 38
2025-11-01,Leicester,Blackburn Rovers
2025-11-01,Hertha BSC,Dynamo Dresden
2025-11-01,Watford,Middlesbrough
2025-11-01,Stade de Reims,USL Dunkerque
2025-11-01,1. FC Nurnberg,Eintracht Braunschweig
2025-11-01,Karlsruher SC,Schalke
2025-11-01,US Avellino,Reggiana 1919
2025-11-01,West Bromwich Albion,Sheffield Wednesday
2025-11-01,Norwich City,Hull City AFC
2025-11-01,SSV Ulm 1846,VfB Stuttgart II
2025-11-01,Carrarese Calcio,Frosinone Calcio
2025-11-01,Sheffield United,Derby County
2025-11-01,Burnley,Arsenal
2025-11-01,Brighton,Leeds United
2025-11-01,Birmingham City,Portsmouth
2025-11-01,Udinese Calcio,Atalanta BC
2025-11-01,Crystal Palace,Brentford
2025-11-01,Calcio Padova,Sudtirol
2025-11-01,Fulham,Wolves
2025-11-01,Nottingham Forest,Manchester Utd
2025-11-01,Charlton Athletic,Swansea City AFC
2025-11-01,Oxford United,Millwall
2025-11-01,Stoke City,Bristol City
2025-11-01,Queens Park Rangers,Ipswich Town
2025-11-02,CD Castellon,Malaga
2025-11-02,VfL Wolfsburg,TSG 1899 Hoffenheim
2025-11-02,Manchester City,AFC Bournemouth
2025-11-02,Toulouse,Le Havre
2025-11-02,Porto,Sporting Clube de Braga
2025-11-02,Real Betis Balompie,RCD Mallorca
2025-11-02,Lille OSC,Angers SCO
2025-11-02,Racing Club de Lens,Lorient
2025-11-02,Parma Calcio 1913,Bologna FC 1909
2025-11-02,Milan,Roma
2025-11-02,Sampdoria,Mantova 1911 SSD
2025-11-02,Barcelona,Elche
2025-11-02,Alemannia Aachen,1. FC Saarbrucken
2025-11-02,Besiktas,Fenerbahce
2025-11-02,Real Zaragoza,Deportivo La Coruña
2025-11-02,Stade Brestois 29,Olympique Lyonnais
2025-11-02,Deportivo Alaves,RCD Espanyol de Barcelona
2025-11-02,Monza,Spezia Calcio
2025-11-02,Nantes,Metz
2025-11-02,Arouca,Moreirense
2025-11-02,Cordoba,AD Ceuta
2025-11-02,Torino,Pisa 1909
2025-11-02,Konya,Samsun
2025-11-02,Kayseri,Kasimpasa
2025-11-02,West Ham,Newcastle
2025-11-02,Hellas Verona,Internazionale Milano
2025-11-02,VfL Bochum,1. FC Magdeburg
2025-11-02,Hoffenheim II,Waldhof Mannheim
2025-11-02,SC Paderborn 07,SpVgg Greuther Furth
2025-11-02,Andorra,Cadiz
2025-11-02,SSC Bari,Cesena
2025-11-02,Fortuna Dusseldorf,1. FC Kaiserslautern
2025-11-02,US Catanzaro,Venezia
2025-11-02,Modena,Juve Stabia
2025-11-02,ACF Fiorentina,US Lecce
2025-11-02,Stade Rennais FC 1901,RC Strasbourg Alsace
2025-11-02,1. FC Koln,Hamburger SV
2025-11-02,Rot-Weiss Essen,1. FC Schweinfurt 05
2025-11-02,AVS,CD Tondela
2025-11-02,Levante UD,RC Celta de Vigo
2025-11-02,Sporting Gijon,UD Las Palmas
2025-11-03,SS Lazio,Cagliari Calcio
2025-11-03,Pau,ESTAC Troyes
2025-11-03,Sunderland AFC,Everton
2025-11-03,Real Oviedo,CA Osasuna
2025-11-03,Gil Vicente,CD Santa Clara
2025-11-03,US Sassuolo Calcio,Genoa CFC
2025-11-03,Rize,Karagumruk
2025-11-03,Alanya,Gaziantep
2025-11-03,Real Valladolid,Granada
2025-11-03,Eyup,Antalya
2025-11-04,Ipswich Town,Watford
2025-11-04,Coventry City,Sheffield United
2025-11-04,Oxford United,Stoke City
2025-11-04,Leicester,Middlesbrough
2025-11-04,Birmingham City,Millwall
2025-11-04,Derby County,Hull City AFC
2025-11-04,Bristol City,Blackburn Rovers
2025-11-04,Charlton Athletic,West Bromwich Albion
2025-11-05,Preston North End,Swansea City AFC
2025-11-05,Queens Park Rangers,Southampton
2025-11-05,Sheffield Wednesday,Norwich City
2025-11-05,Portsmouth,Wrexham AFC
2025-11-07,Watford,Bristol City
2025-11-07,Elche,Real Sociedad de Futbol
2025-11-07,SV Werder Bremen,VfL Wolfsburg
2025-11-07,Paris,Stade Rennais FC 1901
2025-11-07,GD Estoril Praia,Arouca
2025-11-07,Pisa 1909,US Cremonese
2025-11-08,Sevilla,CA Osasuna
2025-11-08,1. FC Union Berlin,Bayern Munchen
2025-11-08,Hamburger SV,Dortmund
2025-11-08,Sunderland AFC,Arsenal
2025-11-08,Juventus,Torino
2025-11-08,CD Tondela,Vitoria Guimarães
2025-11-08,TSG 1899 Hoffenheim,Leipzig
2025-11-08,Le Havre,Nantes
2025-11-08,Chelsea,Wolves
2025-11-08,CD Santa Clara,Sporting Clube de Portugal
2025-11-08,Parma Calcio 1913,Milan
2025-11-08,RCD Espanyol de Barcelona,Villarreal
2025-11-08,Monaco,Racing Club de Lens
2025-11-08,Monchengladbach,1. FC Koln
2025-11-08,Alverca,Rio Ave
2025-11-08,Leverkusen,1. FC Heidenheim 1846
2025-11-08,Club Atletico de Madrid,Levante UD
2025-11-08,Olympique de Marseille,Stade Brestois 29
2025-11-08,Como 1907,Cagliari Calcio
2025-11-08,Everton,Fulham
2025-11-08,Wrexham AFC,Charlton Athletic
2025-11-08,Millwall,Preston North End
2025-11-08,Tottenham,Manchester Utd
2025-11-08,US Lecce,Hellas Verona
2025-11-08,Middlesbrough,Birmingham City
2025-11-08,Hull City AFC,Portsmouth
2025-11-08,Girona,Deportivo Alaves
2025-11-08,Swansea City AFC,Ipswich Town
2025-11-08,West Ham,Burnley
2025-11-08,Norwich City,Leicester
2025-11-08,Sheffield United,Queens Park Rangers
2025-11-08,Southampton,Sheffield Wednesday
2025-11-08,Stoke City,Coventry City
2025-11-08,West Bromwich Albion,Oxford United
2025-11-08,Blackburn Rovers,Derby County
2025-11-09,Metz,OGC Nice
2025-11-09,Internazionale Milano,SS Lazio
2025-11-09,Sport Lisboa e Benfica,Casa Pia
2025-11-09,Frankfurt,1. FSV Mainz 05
2025-11-09,RCD Mallorca,Getafe
2025-11-09,Angers SCO,AJ Auxerre
2025-11-09,Roma,Udinese Calcio
2025-11-09,Stuttgart,Augsburg
2025-11-09,RC Strasbourg Alsace,Lille OSC
2025-11-09,Rayo Vallecano de Madrid,Real Madrid
2025-11-09,Valencia,Real Betis Balompie
2025-11-09,Famalicão,Porto
2025-11-09,Sporting Clube de Braga,Moreirense
2025-11-09,Manchester City,Liverpool
2025-11-09,Nottingham Forest,Leeds United
2025-11-09,CF Estrela da Amadora,CD Nacional
2025-11-09,Atalanta BC,US Sassuolo Calcio
2025-11-09,Aston Villa,AFC Bournemouth
2025-11-09,Athletic Club,Real Oviedo
2025-11-09,Brentford,Newcastle
2025-11-09,Crystal Palace,Brighton
2025-11-09,Genoa CFC,ACF Fiorentina
2025-11-09,Lorient,Toulouse
2025-11-09,Bologna FC 1909,SSC Napoli
2025-11-09,SC Freiburg,St. Pauli 1910
2025-11-09,AVS,Gil Vicente
2025-11-09,Olympique Lyonnais,Paris Saint-Germain
2025-11-09,RC Celta de Vigo,Barcelona
